num_layers,layer_size,activation,train_loss,val_loss,test_loss,stop_epoch
5,2048,relu,3.3474722041024103,2.0564545542001724,3.722651481628418,143
