num_layers,layer_size,activation,train_loss,val_loss,test_loss,stop_epoch
1,128,relu,0.9086661785840988,1.2217045575380325,1.3700920343399048,1199
