num_layers,layer_size,activation,train_loss,val_loss,test_loss,stop_epoch
6,2048,tanh,86.88260290357802,51.315916299819946,100.71051025390625,122
