num_layers,layer_size,activation,train_loss,val_loss,test_loss,stop_epoch
8,16,tanh,2.0456953942775726,1.3156618177890778,1.9762928485870361,1173
