num_layers,layer_size,activation,train_loss,val_loss,test_loss,stop_epoch
8,2048,relu,6.500624974568685,1.9459123611450195,5.1615166664123535,290
