num_layers,layer_size,activation,train_loss,val_loss,test_loss,stop_epoch
9,128,relu,1.7333312498198614,1.6248545050621033,2.3928096294403076,211
