num_layers,layer_size,activation,train_loss,val_loss,test_loss,stop_epoch
1,1024,tanh,1.077296707365248,1.1733695045113564,1.2734743356704712,978
