num_layers,layer_size,activation,train_loss,val_loss,test_loss,stop_epoch
9,2048,relu,2.1290431121985116,2.1567468643188477,2.5550782680511475,199
