num_layers,layer_size,activation,train_loss,val_loss,test_loss
9,2048,tanh,1480.0134684244792,1649.1516571044922,1360.7177734375
