num_layers,layer_size,activation,train_loss,val_loss,test_loss,stop_epoch
2,128,relu,0.9510425759686364,1.3106340989470482,1.7245196104049683,423
