num_layers,layer_size,activation,train_loss,val_loss,test_loss,stop_epoch
2,256,relu,0.9739002287387848,1.2117319852113724,1.4827194213867188,586
