num_layers,layer_size,activation,train_loss,val_loss,test_loss,stop_epoch
2,512,tanh,1.5850374632411532,1.7934662699699402,3.1346774101257324,291
