num_layers,layer_size,activation,train_loss,val_loss,test_loss,stop_epoch
2,1024,relu,0.8620851122670703,1.2845177501440048,1.7277536392211914,491
