num_layers,layer_size,activation,train_loss,val_loss,test_loss,stop_epoch
2,2048,relu,0.9625696788231531,1.4766961634159088,1.8873027563095093,317
