num_layers,layer_size,activation,train_loss,val_loss,test_loss,stop_epoch
3,512,relu,1.5235234763887193,1.3367265835404396,2.1963002681732178,353
