num_layers,layer_size,activation,train_loss,val_loss,test_loss,stop_epoch
3,512,tanh,20.645747661590576,2.8863904178142548,13.333693504333496,225
