num_layers,layer_size,activation,train_loss,val_loss,test_loss,stop_epoch
1,16,relu,1.4277947975529566,1.4635600298643112,1.9023301601409912,2954
